,RowNumber,CustomerId,Surname,CreditScore,Geography,Gender,Age,Tenure,Balance,NumOfProducts,HasCrCard,IsActiveMember,EstimatedSalary,Exited
count,10000.0,10000.0,10000.0,10000.0,10000.0,10000.0,10000.0,10000.0,10000.0,10000.0,10000.0,10000.0,10000.0,10000.0
mean,5000.5,15690940.5694,1507.7742,-4.82458517581108e-16,0.7463,0.5457,2.318145675417327e-16,-1.078248601515952e-16,-6.252776074688882e-17,1.5302,0.7055,0.5151,-2.8776980798284056e-17,0.2037
std,2886.8956799071675,71936.18612274883,846.2043111376711,1.0000500037503133,0.8275293290748367,0.49793202711853063,1.000050003750302,1.0000500037503126,1.0000500037502886,0.5816543579989936,0.45584046447514237,0.4997969284589202,1.00005000375031,0.40276858399484955
min,1.0,15565701.0,0.0,-3.1095040882937757,0.0,0.0,-1.9949687539344934,-1.7333154938995745,-1.2258476714090278,1.0,0.0,0.0,-1.7402678934881386,0.0
25%,2500.75,15628528.25,773.75,-0.6883585719214899,0.0,0.0,-0.6600184841162697,-0.695981771888179,-1.2258476714090278,1.0,0.0,0.0,-0.8535935281793107,0.0
50%,5000.5,15690738.0,1542.0,0.01522217642601194,0.0,1.0,-0.18325053060976135,-0.004425957213915414,0.3319639070732136,1.0,1.0,1.0,0.001802806723868831,0.0
75%,7500.25,15753233.75,2238.25,0.6981093733515285,1.0,1.0,0.48422460429935044,0.6871298574603482,0.8199204543114416,2.0,1.0,1.0,0.8572430923264887,0.0
max,10000.0,15815690.0,2931.0,2.063883767202561,2.0,1.0,5.0611969579618314,1.7244635794717436,2.7953233217054723,4.0,1.0,1.0,1.7372001301113063,1.0
